file_path,x1,y1,x2,y2,class
014.Indigo_Bunting/Indigo_Bunting_0022_12781.jpg,0.0,0.0,333.0,500.0,13
014.Indigo_Bunting/Indigo_Bunting_0017_11574.jpg,0.0,0.0,500.0,333.0,13
013.Bobolink/Bobolink_0099_9314.jpg,0.0,0.0,500.0,375.0,12
020.Yellow_breasted_Chat/Yellow_Breasted_Chat_0062_21673.jpg,0.0,0.0,458.0,318.0,19
012.Yellow_headed_Blackbird/Yellow_Headed_Blackbird_0102_8441.jpg,75.0,102.0,400.0,468.0,11
003.Sooty_Albatross/Sooty_Albatross_0004_796366.jpg,0.0,0.0,500.0,480.0,2
014.Indigo_Bunting/Indigo_Bunting_0010_13000.jpg,1.0,0.0,500.0,340.0,13
017.Cardinal/Cardinal_0060_17139.jpg,14.0,34.0,420.0,500.0,16
014.Indigo_Bunting/Indigo_Bunting_0052_11893.jpg,36.0,43.0,364.0,371.0,13
002.Laysan_Albatross/Laysan_Albatross_0033_658.jpg,0.0,0.0,447.0,334.0,1
001.Black_footed_Albatross/Black_Footed_Albatross_0006_796065.jpg,0.0,0.0,350.0,326.0,0
018.Spotted_Catbird/Spotted_Catbird_0006_796823.jpg,0.0,0.0,330.0,284.0,17
001.Black_footed_Albatross/Black_Footed_Albatross_0002_55.jpg,0.0,0.0,499.0,347.0,0
017.Cardinal/Cardinal_0102_17808.jpg,0.0,0.0,500.0,375.0,16
010.Red_winged_Blackbird/Red_Winged_Blackbird_0062_4233.jpg,0.0,19.0,357.0,500.0,9
003.Sooty_Albatross/Sooty_Albatross_0023_796401.jpg,0.0,0.0,280.0,420.0,2
007.Parakeet_Auklet/Parakeet_Auklet_0074_795976.jpg,0.0,0.0,500.0,341.0,6
015.Lazuli_Bunting/Lazuli_Bunting_0054_14714.jpg,61.0,135.0,289.0,363.0,14
005.Crested_Auklet/Crested_Auklet_0001_794941.jpg,0.0,65.0,324.0,441.0,4
011.Rusty_Blackbird/Rusty_Blackbird_0112_3415.jpg,115.0,128.0,295.0,308.0,10
017.Cardinal/Cardinal_0053_17541.jpg,0.0,0.0,377.0,500.0,16
013.Bobolink/Bobolink_0071_9503.jpg,0.0,1.0,333.0,500.0,12
002.Laysan_Albatross/Laysan_Albatross_0040_472.jpg,53.0,59.0,391.0,397.0,1
008.Rhinoceros_Auklet/Rhinoceros_Auklet_0012_2161.jpg,72.0,25.0,414.0,358.0,7
003.Sooty_Albatross/Sooty_Albatross_0007_796372.jpg,0.0,0.0,500.0,335.0,2
008.Rhinoceros_Auklet/Rhinoceros_Auklet_0029_797520.jpg,73.0,45.0,355.0,327.0,7
017.Cardinal/Cardinal_0057_17128.jpg,0.0,0.0,500.0,393.0,16
002.Laysan_Albatross/Laysan_Albatross_0061_563.jpg,0.0,0.0,500.0,333.0,1
007.Parakeet_Auklet/Parakeet_Auklet_0025_795975.jpg,0.0,5.0,458.0,500.0,6
006.Least_Auklet/Least_Auklet_0016_1903.jpg,0.0,0.0,419.0,500.0,5
013.Bobolink/Bobolink_0018_9402.jpg,104.0,78.0,338.0,306.0,12
015.Lazuli_Bunting/Lazuli_Bunting_0082_15047.jpg,150.0,67.0,498.0,317.0,14
013.Bobolink/Bobolink_0126_11458.jpg,98.0,91.0,368.0,361.0,12
013.Bobolink/Bobolink_0114_10627.jpg,0.0,0.0,500.0,500.0,12
003.Sooty_Albatross/Sooty_Albatross_0014_796373.jpg,0.0,0.0,500.0,313.0,2
008.Rhinoceros_Auklet/Rhinoceros_Auklet_0011_797530.jpg,0.0,0.0,300.0,278.0,7
006.Least_Auklet/Least_Auklet_0025_795087.jpg,39.0,50.0,273.0,284.0,5
015.Lazuli_Bunting/Lazuli_Bunting_0101_14873.jpg,0.0,0.0,395.0,400.0,14
002.Laysan_Albatross/Laysan_Albatross_0064_674.jpg,0.0,0.0,500.0,333.0,1
020.Yellow_breasted_Chat/Yellow_Breasted_Chat_0014_21970.jpg,102.0,72.0,428.0,347.0,19
001.Black_footed_Albatross/Black_Footed_Albatross_0068_796135.jpg,0.0,0.0,500.0,385.0,0
001.Black_footed_Albatross/Black_Footed_Albatross_0081_426.jpg,31.0,0.0,421.0,320.0,0
011.Rusty_Blackbird/Rusty_Blackbird_0026_6768.jpg,18.0,7.0,406.0,357.0,10
005.Crested_Auklet/Crested_Auklet_0005_794922.jpg,0.0,0.0,334.0,500.0,4
001.Black_footed_Albatross/Black_Footed_Albatross_0001_796111.jpg,19.0,0.0,317.0,223.0,0
010.Red_winged_Blackbird/Red_Winged_Blackbird_0047_3802.jpg,109.0,76.0,429.0,333.0,9
017.Cardinal/Cardinal_0103_17425.jpg,0.0,0.0,500.0,424.0,16
017.Cardinal/Cardinal_0002_18424.jpg,0.0,0.0,333.0,500.0,16
011.Rusty_Blackbird/Rusty_Blackbird_0075_6717.jpg,2.0,0.0,474.0,296.0,10
001.Black_footed_Albatross/Black_Footed_Albatross_0036_796127.jpg,0.0,0.0,364.0,353.0,0
003.Sooty_Albatross/Sooty_Albatross_0013_796402.jpg,15.0,0.0,309.0,240.0,2
001.Black_footed_Albatross/Black_Footed_Albatross_0079_796122.jpg,0.0,0.0,260.0,359.0,0
019.Gray_Catbird/Gray_Catbird_0134_20596.jpg,72.0,0.0,500.0,353.0,18
012.Yellow_headed_Blackbird/Yellow_Headed_Blackbird_0015_8207.jpg,37.0,19.0,451.0,333.0,11
013.Bobolink/Bobolink_0081_9439.jpg,64.0,0.0,500.0,471.0,12
015.Lazuli_Bunting/Lazuli_Bunting_0095_14919.jpg,111.0,9.0,500.0,409.0,14
017.Cardinal/Cardinal_0049_18258.jpg,0.0,0.0,333.0,500.0,16
003.Sooty_Albatross/Sooty_Albatross_0046_1211.jpg,22.0,0.0,500.0,333.0,2
002.Laysan_Albatross/Laysan_Albatross_0034_628.jpg,20.0,0.0,500.0,333.0,1
011.Rusty_Blackbird/Rusty_Blackbird_0006_6633.jpg,13.0,14.0,483.0,411.0,10
009.Brewer_Blackbird/Brewer_Blackbird_0116_2327.jpg,0.0,0.0,500.0,352.0,8
013.Bobolink/Bobolink_0044_9990.jpg,140.0,52.0,492.0,333.0,12
014.Indigo_Bunting/Indigo_Bunting_0050_11811.jpg,34.0,0.0,500.0,333.0,13
016.Painted_Bunting/Painted_Bunting_0091_15198.jpg,0.0,0.0,500.0,475.0,15
003.Sooty_Albatross/Sooty_Albatross_0045_1162.jpg,0.0,0.0,500.0,500.0,2
008.Rhinoceros_Auklet/Rhinoceros_Auklet_0039_2174.jpg,101.0,75.0,319.0,293.0,7
020.Yellow_breasted_Chat/Yellow_Breasted_Chat_0090_21931.jpg,14.0,0.0,410.0,375.0,19
015.Lazuli_Bunting/Lazuli_Bunting_0076_14662.jpg,35.0,153.0,239.0,357.0,14
002.Laysan_Albatross/Laysan_Albatross_0081_800.jpg,5.0,0.0,467.0,372.0,1
016.Painted_Bunting/Painted_Bunting_0008_16416.jpg,55.0,2.0,437.0,380.0,15
017.Cardinal/Cardinal_0047_17673.jpg,0.0,0.0,500.0,398.0,16
009.Brewer_Blackbird/Brewer_Blackbird_0066_2693.jpg,0.0,0.0,409.0,364.0,8
001.Black_footed_Albatross/Black_Footed_Albatross_0047_796064.jpg,0.0,0.0,438.0,360.0,0
010.Red_winged_Blackbird/Red_Winged_Blackbird_0009_5841.jpg,2.0,0.0,442.0,364.0,9
007.Parakeet_Auklet/Parakeet_Auklet_0028_795944.jpg,42.0,116.0,357.0,454.0,6
010.Red_winged_Blackbird/Red_Winged_Blackbird_0065_4026.jpg,123.0,80.0,477.0,372.0,9
020.Yellow_breasted_Chat/Yellow_Breasted_Chat_0103_21670.jpg,61.0,0.0,463.0,335.0,19
005.Crested_Auklet/Crested_Auklet_0071_785255.jpg,0.0,0.0,500.0,375.0,4
010.Red_winged_Blackbird/Red_Winged_Blackbird_0081_6081.jpg,93.0,56.0,500.0,409.0,9
009.Brewer_Blackbird/Brewer_Blackbird_0045_2303.jpg,0.0,0.0,483.0,500.0,8
016.Painted_Bunting/Painted_Bunting_0098_15226.jpg,0.0,0.0,450.0,333.0,15
014.Indigo_Bunting/Indigo_Bunting_0033_12777.jpg,0.0,4.0,333.0,394.0,13
001.Black_footed_Albatross/Black_Footed_Albatross_0089_796069.jpg,0.0,0.0,362.0,334.0,0
013.Bobolink/Bobolink_0092_10026.jpg,0.0,0.0,394.0,480.0,12
016.Painted_Bunting/Painted_Bunting_0053_16404.jpg,6.0,0.0,470.0,333.0,15
015.Lazuli_Bunting/Lazuli_Bunting_0055_15043.jpg,62.0,52.0,388.0,378.0,14
015.Lazuli_Bunting/Lazuli_Bunting_0080_14893.jpg,1.0,0.0,423.0,333.0,14
007.Parakeet_Auklet/Parakeet_Auklet_0027_795925.jpg,0.0,4.0,355.0,500.0,6
020.Yellow_breasted_Chat/Yellow_Breasted_Chat_0079_21978.jpg,0.0,0.0,300.0,286.0,19
011.Rusty_Blackbird/Rusty_Blackbird_0122_6736.jpg,28.0,0.0,432.0,333.0,10
007.Parakeet_Auklet/Parakeet_Auklet_0008_795992.jpg,0.0,0.0,500.0,395.0,6
011.Rusty_Blackbird/Rusty_Blackbird_0100_6597.jpg,31.0,5.0,373.0,347.0,10
004.Groove_billed_Ani/Groove_Billed_Ani_0068_1538.jpg,0.0,0.0,500.0,372.0,3
002.Laysan_Albatross/Laysan_Albatross_0073_927.jpg,63.0,0.0,443.0,333.0,1
014.Indigo_Bunting/Indigo_Bunting_0076_12950.jpg,86.0,0.0,500.0,333.0,13
014.Indigo_Bunting/Indigo_Bunting_0015_12632.jpg,111.0,0.0,500.0,333.0,13
020.Yellow_breasted_Chat/Yellow_Breasted_Chat_0095_21832.jpg,0.0,0.0,357.0,500.0,19
016.Painted_Bunting/Painted_Bunting_0060_15224.jpg,56.0,46.0,286.0,276.0,15
002.Laysan_Albatross/Laysan_Albatross_0002_1027.jpg,61.0,0.0,500.0,375.0,1
004.Groove_billed_Ani/Groove_Billed_Ani_0059_1480.jpg,0.0,0.0,400.0,500.0,3
014.Indigo_Bunting/Indigo_Bunting_0005_13832.jpg,0.0,0.0,444.0,375.0,13
019.Gray_Catbird/Gray_Catbird_0127_20034.jpg,23.0,41.0,317.0,333.0,18
010.Red_winged_Blackbird/Red_Winged_Blackbird_0012_6015.jpg,52.0,3.0,436.0,339.0,9
015.Lazuli_Bunting/Lazuli_Bunting_0046_14787.jpg,89.0,56.0,473.0,381.0,14
007.Parakeet_Auklet/Parakeet_Auklet_0069_795936.jpg,1.0,0.0,500.0,408.0,6
004.Groove_billed_Ani/Groove_Billed_Ani_0044_1731.jpg,13.0,0.0,500.0,375.0,3
018.Spotted_Catbird/Spotted_Catbird_0008_796789.jpg,0.0,0.0,366.0,266.0,17
013.Bobolink/Bobolink_0106_9126.jpg,61.0,11.0,441.0,340.0,12
020.Yellow_breasted_Chat/Yellow_Breasted_Chat_0035_21870.jpg,70.0,74.0,364.0,368.0,19
010.Red_winged_Blackbird/Red_Winged_Blackbird_0094_5856.jpg,47.0,89.0,337.0,379.0,9
009.Brewer_Blackbird/Brewer_Blackbird_0079_2343.jpg,0.0,0.0,500.0,491.0,8
005.Crested_Auklet/Crested_Auklet_0006_1813.jpg,0.0,0.0,500.0,400.0,4
012.Yellow_headed_Blackbird/Yellow_Headed_Blackbird_0007_8366.jpg,0.0,0.0,500.0,443.0,11
010.Red_winged_Blackbird/Red_Winged_Blackbird_0074_4146.jpg,126.0,45.0,462.0,301.0,9
017.Cardinal/Cardinal_0085_19162.jpg,3.0,0.0,500.0,334.0,16
007.Parakeet_Auklet/Parakeet_Auklet_0020_795947.jpg,0.0,2.0,351.0,500.0,6
008.Rhinoceros_Auklet/Rhinoceros_Auklet_0008_797531.jpg,18.0,0.0,486.0,293.0,7
003.Sooty_Albatross/Sooty_Albatross_0071_1116.jpg,0.0,0.0,500.0,392.0,2
006.Least_Auklet/Least_Auklet_0054_795130.jpg,0.0,30.0,277.0,374.0,5
003.Sooty_Albatross/Sooty_Albatross_0017_796349.jpg,38.0,0.0,438.0,302.0,2
017.Cardinal/Cardinal_0094_17165.jpg,35.0,0.0,500.0,348.0,16
019.Gray_Catbird/Gray_Catbird_0008_20430.jpg,83.0,6.0,473.0,307.0,18
005.Crested_Auklet/Crested_Auklet_0073_785248.jpg,71.0,0.0,500.0,333.0,4
018.Spotted_Catbird/Spotted_Catbird_0012_796802.jpg,0.0,0.0,500.0,381.0,17
011.Rusty_Blackbird/Rusty_Blackbird_0108_6867.jpg,109.0,60.0,467.0,349.0,10
007.Parakeet_Auklet/Parakeet_Auklet_0050_795957.jpg,23.0,0.0,500.0,363.0,6
020.Yellow_breasted_Chat/Yellow_Breasted_Chat_0030_21964.jpg,72.0,134.0,294.0,356.0,19
012.Yellow_headed_Blackbird/Yellow_Headed_Blackbird_0074_8452.jpg,0.0,0.0,474.0,391.0,11
007.Parakeet_Auklet/Parakeet_Auklet_0055_795963.jpg,26.0,0.0,500.0,334.0,6
017.Cardinal/Cardinal_0029_17297.jpg,0.0,0.0,491.0,333.0,16
015.Lazuli_Bunting/Lazuli_Bunting_0045_14954.jpg,15.0,83.0,329.0,397.0,14
002.Laysan_Albatross/Laysan_Albatross_0055_570.jpg,0.0,0.0,500.0,332.0,1
014.Indigo_Bunting/Indigo_Bunting_0049_13641.jpg,43.0,73.0,301.0,331.0,13
001.Black_footed_Albatross/Black_Footed_Albatross_0010_796097.jpg,54.0,20.0,390.0,356.0,0
019.Gray_Catbird/Gray_Catbird_0023_20668.jpg,65.0,45.0,485.0,333.0,18
012.Yellow_headed_Blackbird/Yellow_Headed_Blackbird_0082_8577.jpg,0.0,0.0,500.0,336.0,11
004.Groove_billed_Ani/Groove_Billed_Ani_0062_1767.jpg,31.0,8.0,499.0,375.0,3
018.Spotted_Catbird/Spotted_Catbird_0026_796818.jpg,34.0,0.0,462.0,335.0,17
004.Groove_billed_Ani/Groove_Billed_Ani_0075_1617.jpg,0.0,0.0,500.0,416.0,3
017.Cardinal/Cardinal_0022_17233.jpg,0.0,0.0,388.0,500.0,16
020.Yellow_breasted_Chat/Yellow_Breasted_Chat_0058_21864.jpg,0.0,0.0,500.0,333.0,19
012.Yellow_headed_Blackbird/Yellow_Headed_Blackbird_0042_8574.jpg,76.0,108.0,256.0,288.0,11
007.Parakeet_Auklet/Parakeet_Auklet_0047_795956.jpg,3.0,105.0,285.0,387.0,6
008.Rhinoceros_Auklet/Rhinoceros_Auklet_0022_2170.jpg,172.0,80.0,470.0,333.0,7
006.Least_Auklet/Least_Auklet_0008_795071.jpg,0.0,0.0,140.0,153.0,5
019.Gray_Catbird/Gray_Catbird_0074_19601.jpg,19.0,0.0,500.0,338.0,18
018.Spotted_Catbird/Spotted_Catbird_0024_796791.jpg,0.0,0.0,320.0,221.0,17
002.Laysan_Albatross/Laysan_Albatross_0058_637.jpg,0.0,0.0,500.0,333.0,1
018.Spotted_Catbird/Spotted_Catbird_0014_19425.jpg,0.0,0.0,500.0,397.0,17
010.Red_winged_Blackbird/Red_Winged_Blackbird_0058_4141.jpg,98.0,102.0,356.0,360.0,9
016.Painted_Bunting/Painted_Bunting_0102_16642.jpg,0.0,0.0,451.0,333.0,15
003.Sooty_Albatross/Sooty_Albatross_0049_796350.jpg,0.0,0.0,225.0,354.0,2
016.Painted_Bunting/Painted_Bunting_0034_15207.jpg,0.0,0.0,377.0,338.0,15
001.Black_footed_Albatross/Black_Footed_Albatross_0017_796098.jpg,0.0,0.0,500.0,392.0,0
003.Sooty_Albatross/Sooty_Albatross_0019_796391.jpg,61.0,0.0,500.0,334.0,2
013.Bobolink/Bobolink_0052_9423.jpg,98.0,23.0,440.0,332.0,12
008.Rhinoceros_Auklet/Rhinoceros_Auklet_0018_797517.jpg,29.0,0.0,485.0,334.0,7
015.Lazuli_Bunting/Lazuli_Bunting_0085_14627.jpg,0.0,6.0,439.0,500.0,14
016.Painted_Bunting/Painted_Bunting_0011_16690.jpg,29.0,112.0,199.0,282.0,15
011.Rusty_Blackbird/Rusty_Blackbird_0048_6632.jpg,36.0,0.0,500.0,353.0,10
009.Brewer_Blackbird/Brewer_Blackbird_0137_2680.jpg,0.0,0.0,500.0,500.0,8
003.Sooty_Albatross/Sooty_Albatross_0034_1154.jpg,0.0,14.0,400.0,500.0,2
003.Sooty_Albatross/Sooty_Albatross_0068_796353.jpg,0.0,0.0,475.0,333.0,2
016.Painted_Bunting/Painted_Bunting_0005_15202.jpg,0.0,0.0,493.0,332.0,15
001.Black_footed_Albatross/Black_Footed_Albatross_0088_796133.jpg,0.0,0.0,335.0,400.0,0
004.Groove_billed_Ani/Groove_Billed_Ani_0019_1585.jpg,129.0,107.0,381.0,333.0,3
011.Rusty_Blackbird/Rusty_Blackbird_0013_6902.jpg,68.0,0.0,488.0,333.0,10
009.Brewer_Blackbird/Brewer_Blackbird_0028_2682.jpg,0.0,0.0,500.0,333.0,8
018.Spotted_Catbird/Spotted_Catbird_0003_796822.jpg,68.0,0.0,500.0,353.0,17
011.Rusty_Blackbird/Rusty_Blackbird_0074_6585.jpg,0.0,0.0,500.0,373.0,10
010.Red_winged_Blackbird/Red_Winged_Blackbird_0072_4338.jpg,57.0,13.0,483.0,333.0,9
013.Bobolink/Bobolink_0007_9246.jpg,3.0,5.0,275.0,277.0,12
017.Cardinal/Cardinal_0020_18664.jpg,0.0,0.0,500.0,386.0,16
013.Bobolink/Bobolink_0119_10430.jpg,0.0,48.0,385.0,450.0,12
003.Sooty_Albatross/Sooty_Albatross_0074_1221.jpg,0.0,0.0,399.0,334.0,2
012.Yellow_headed_Blackbird/Yellow_Headed_Blackbird_0108_7937.jpg,116.0,63.0,412.0,333.0,11
008.Rhinoceros_Auklet/Rhinoceros_Auklet_0028_2056.jpg,0.0,0.0,500.0,335.0,7
001.Black_footed_Albatross/Black_Footed_Albatross_0065_796068.jpg,0.0,0.0,350.0,333.0,0
017.Cardinal/Cardinal_0018_17071.jpg,0.0,0.0,431.0,500.0,16
011.Rusty_Blackbird/Rusty_Blackbird_0096_6846.jpg,5.0,0.0,491.0,400.0,10
006.Least_Auklet/Least_Auklet_0011_795109.jpg,0.0,0.0,208.0,216.0,5
019.Gray_Catbird/Gray_Catbird_0042_20546.jpg,0.0,0.0,333.0,500.0,18
014.Indigo_Bunting/Indigo_Bunting_0004_13195.jpg,55.0,71.0,339.0,355.0,13
020.Yellow_breasted_Chat/Yellow_Breasted_Chat_0034_21955.jpg,0.0,25.0,333.0,385.0,19
016.Painted_Bunting/Painted_Bunting_0061_16930.jpg,32.0,16.0,408.0,375.0,15
019.Gray_Catbird/Gray_Catbird_0139_21281.jpg,38.0,0.0,428.0,333.0,18
009.Brewer_Blackbird/Brewer_Blackbird_0127_2235.jpg,86.0,0.0,500.0,375.0,8
005.Crested_Auklet/Crested_Auklet_0076_785252.jpg,0.0,0.0,410.0,500.0,4
009.Brewer_Blackbird/Brewer_Blackbird_0046_2688.jpg,42.0,3.0,494.0,500.0,8
014.Indigo_Bunting/Indigo_Bunting_0053_13391.jpg,109.0,59.0,427.0,375.0,13
017.Cardinal/Cardinal_0045_18021.jpg,0.0,0.0,400.0,500.0,16
011.Rusty_Blackbird/Rusty_Blackbird_0104_6685.jpg,105.0,44.0,443.0,382.0,10
011.Rusty_Blackbird/Rusty_Blackbird_0092_2727.jpg,76.0,57.0,370.0,334.0,10
010.Red_winged_Blackbird/Red_Winged_Blackbird_0078_5372.jpg,45.0,0.0,475.0,375.0,9
010.Red_winged_Blackbird/Red_Winged_Blackbird_0053_4072.jpg,55.0,45.0,367.0,357.0,9
014.Indigo_Bunting/Indigo_Bunting_0073_13933.jpg,86.0,84.0,411.0,450.0,13
001.Black_footed_Albatross/Black_Footed_Albatross_0060_796076.jpg,0.0,0.0,320.0,240.0,0
014.Indigo_Bunting/Indigo_Bunting_0047_12966.jpg,78.0,39.0,416.0,345.0,13
005.Crested_Auklet/Crested_Auklet_0040_794912.jpg,0.0,83.0,238.0,357.0,4
007.Parakeet_Auklet/Parakeet_Auklet_0067_795964.jpg,0.0,36.0,260.0,308.0,6
015.Lazuli_Bunting/Lazuli_Bunting_0021_14686.jpg,108.0,12.0,500.0,334.0,14
012.Yellow_headed_Blackbird/Yellow_Headed_Blackbird_0077_8332.jpg,38.0,0.0,500.0,375.0,11
017.Cardinal/Cardinal_0051_17223.jpg,0.0,72.0,236.0,350.0,16
006.Least_Auklet/Least_Auklet_0023_1898.jpg,48.0,12.0,456.0,333.0,5
010.Red_winged_Blackbird/Red_Winged_Blackbird_0101_6244.jpg,12.0,0.0,434.0,332.0,9
008.Rhinoceros_Auklet/Rhinoceros_Auklet_0009_797539.jpg,0.0,0.0,160.0,128.0,7
012.Yellow_headed_Blackbird/Yellow_Headed_Blackbird_0084_8435.jpg,20.0,32.0,447.0,500.0,11
010.Red_winged_Blackbird/Red_Winged_Blackbird_0025_5342.jpg,12.0,35.0,240.0,263.0,9
017.Cardinal/Cardinal_0039_17597.jpg,0.0,0.0,425.0,429.0,16
002.Laysan_Albatross/Laysan_Albatross_0085_564.jpg,0.0,0.0,419.0,367.0,1
016.Painted_Bunting/Painted_Bunting_0099_16525.jpg,0.0,0.0,482.0,375.0,15
020.Yellow_breasted_Chat/Yellow_Breasted_Chat_0039_21654.jpg,117.0,8.0,500.0,333.0,19
004.Groove_billed_Ani/Groove_Billed_Ani_0100_1646.jpg,52.0,27.0,404.0,333.0,3
008.Rhinoceros_Auklet/Rhinoceros_Auklet_0040_797503.jpg,0.0,22.0,391.0,476.0,7
005.Crested_Auklet/Crested_Auklet_0074_794949.jpg,0.0,0.0,271.0,400.0,4
015.Lazuli_Bunting/Lazuli_Bunting_0030_14986.jpg,26.0,0.0,464.0,326.0,14
008.Rhinoceros_Auklet/Rhinoceros_Auklet_0033_2169.jpg,0.0,0.0,434.0,375.0,7
013.Bobolink/Bobolink_0097_10861.jpg,72.0,54.0,390.0,371.0,12
007.Parakeet_Auklet/Parakeet_Auklet_0010_795995.jpg,0.0,52.0,336.0,396.0,6
004.Groove_billed_Ani/Groove_Billed_Ani_0092_1516.jpg,100.0,62.0,432.0,394.0,3
016.Painted_Bunting/Painted_Bunting_0029_16530.jpg,0.0,0.0,375.0,500.0,15
018.Spotted_Catbird/Spotted_Catbird_0009_796795.jpg,41.0,19.0,403.0,333.0,17
004.Groove_billed_Ani/Groove_Billed_Ani_0035_1591.jpg,0.0,0.0,453.0,500.0,3
019.Gray_Catbird/Gray_Catbird_0104_20716.jpg,0.0,0.0,363.0,500.0,18
009.Brewer_Blackbird/Brewer_Blackbird_0115_2279.jpg,87.0,0.0,500.0,333.0,8
019.Gray_Catbird/Gray_Catbird_0071_20974.jpg,0.0,0.0,500.0,375.0,18
002.Laysan_Albatross/Laysan_Albatross_0094_1013.jpg,0.0,0.0,500.0,331.0,1
020.Yellow_breasted_Chat/Yellow_Breasted_Chat_0008_21856.jpg,90.0,99.0,338.0,347.0,19
002.Laysan_Albatross/Laysan_Albatross_0079_506.jpg,1.0,0.0,500.0,375.0,1
002.Laysan_Albatross/Laysan_Albatross_0029_482.jpg,0.0,0.0,500.0,333.0,1
010.Red_winged_Blackbird/Red_Winged_Blackbird_0006_6005.jpg,53.0,0.0,500.0,333.0,9
002.Laysan_Albatross/Laysan_Albatross_0070_788.jpg,0.0,0.0,332.0,482.0,1
016.Painted_Bunting/Painted_Bunting_0078_16565.jpg,0.0,22.0,361.0,446.0,15
016.Painted_Bunting/Painted_Bunting_0077_16819.jpg,71.0,87.0,387.0,403.0,15
012.Yellow_headed_Blackbird/Yellow_Headed_Blackbird_0058_8350.jpg,49.0,18.0,500.0,332.0,11
016.Painted_Bunting/Painted_Bunting_0096_15233.jpg,36.0,33.0,500.0,426.0,15
017.Cardinal/Cardinal_0074_18339.jpg,0.0,0.0,500.0,333.0,16
016.Painted_Bunting/Painted_Bunting_0010_16948.jpg,0.0,0.0,500.0,404.0,15
003.Sooty_Albatross/Sooty_Albatross_0010_796355.jpg,41.0,0.0,471.0,333.0,2
005.Crested_Auklet/Crested_Auklet_0063_794901.jpg,0.0,0.0,500.0,402.0,4
018.Spotted_Catbird/Spotted_Catbird_0019_796788.jpg,0.0,0.0,356.0,271.0,17
009.Brewer_Blackbird/Brewer_Blackbird_0025_2231.jpg,3.0,0.0,500.0,375.0,8
016.Painted_Bunting/Painted_Bunting_0076_16765.jpg,83.0,44.0,500.0,349.0,15
017.Cardinal/Cardinal_0012_18638.jpg,0.0,0.0,500.0,434.0,16
017.Cardinal/Cardinal_0066_17803.jpg,0.0,0.0,421.0,372.0,16
014.Indigo_Bunting/Indigo_Bunting_0002_12163.jpg,0.0,0.0,369.0,407.0,13
011.Rusty_Blackbird/Rusty_Blackbird_0016_6684.jpg,0.0,0.0,500.0,333.0,10
019.Gray_Catbird/Gray_Catbird_0131_19633.jpg,29.0,0.0,500.0,400.0,18
009.Brewer_Blackbird/Brewer_Blackbird_0132_2293.jpg,0.0,0.0,427.0,374.0,8
015.Lazuli_Bunting/Lazuli_Bunting_0081_14709.jpg,44.0,128.0,294.0,378.0,14
019.Gray_Catbird/Gray_Catbird_0057_20979.jpg,55.0,32.0,381.0,331.0,18
010.Red_winged_Blackbird/Red_Winged_Blackbird_0023_5257.jpg,58.0,74.0,384.0,400.0,9
019.Gray_Catbird/Gray_Catbird_0107_20513.jpg,0.0,0.0,414.0,383.0,18
020.Yellow_breasted_Chat/Yellow_Breasted_Chat_0106_22032.jpg,73.0,87.0,331.0,345.0,19
008.Rhinoceros_Auklet/Rhinoceros_Auklet_0050_797534.jpg,0.0,0.0,500.0,500.0,7
017.Cardinal/Cardinal_0038_19203.jpg,27.0,0.0,500.0,336.0,16
001.Black_footed_Albatross/Black_Footed_Albatross_0053_796109.jpg,0.0,0.0,455.0,450.0,0
016.Painted_Bunting/Painted_Bunting_0071_15209.jpg,0.0,0.0,400.0,500.0,15
011.Rusty_Blackbird/Rusty_Blackbird_0054_6676.jpg,0.0,0.0,493.0,429.0,10
002.Laysan_Albatross/Laysan_Albatross_0093_725.jpg,44.0,37.0,352.0,334.0,1
001.Black_footed_Albatross/Black_Footed_Albatross_0077_796114.jpg,0.0,0.0,447.0,451.0,0
020.Yellow_breasted_Chat/Yellow_Breasted_Chat_0088_21686.jpg,0.0,0.0,273.0,382.0,19
013.Bobolink/Bobolink_0001_9261.jpg,9.0,7.0,429.0,375.0,12
004.Groove_billed_Ani/Groove_Billed_Ani_0109_1592.jpg,0.0,21.0,333.0,493.0,3
009.Brewer_Blackbird/Brewer_Blackbird_0002_2278.jpg,29.0,57.0,445.0,466.0,8
012.Yellow_headed_Blackbird/Yellow_Headed_Blackbird_0100_8407.jpg,0.0,0.0,375.0,332.0,11
013.Bobolink/Bobolink_0074_9311.jpg,81.0,46.0,363.0,328.0,12
001.Black_footed_Albatross/Black_Footed_Albatross_0038_212.jpg,65.0,0.0,495.0,332.0,0
015.Lazuli_Bunting/Lazuli_Bunting_0078_15164.jpg,122.0,166.0,332.0,376.0,14
010.Red_winged_Blackbird/Red_Winged_Blackbird_0096_5019.jpg,0.0,0.0,500.0,375.0,9
016.Painted_Bunting/Painted_Bunting_0085_15282.jpg,0.0,0.0,500.0,324.0,15
009.Brewer_Blackbird/Brewer_Blackbird_0070_2325.jpg,0.0,21.0,402.0,500.0,8
014.Indigo_Bunting/Indigo_Bunting_0031_13300.jpg,0.0,0.0,459.0,306.0,13
014.Indigo_Bunting/Indigo_Bunting_0084_11848.jpg,60.0,36.0,336.0,312.0,13
008.Rhinoceros_Auklet/Rhinoceros_Auklet_0001_797538.jpg,32.0,0.0,244.0,202.0,7
007.Parakeet_Auklet/Parakeet_Auklet_0080_795965.jpg,43.0,9.0,500.0,360.0,6
006.Least_Auklet/Least_Auklet_0024_795120.jpg,0.0,57.0,241.0,345.0,5
011.Rusty_Blackbird/Rusty_Blackbird_0020_6679.jpg,5.0,16.0,273.0,284.0,10
007.Parakeet_Auklet/Parakeet_Auklet_0075_795981.jpg,0.0,22.0,500.0,500.0,6
012.Yellow_headed_Blackbird/Yellow_Headed_Blackbird_0059_8079.jpg,34.0,21.0,368.0,333.0,11
010.Red_winged_Blackbird/Red_Winged_Blackbird_0011_5845.jpg,150.0,64.0,500.0,375.0,9
011.Rusty_Blackbird/Rusty_Blackbird_0017_6755.jpg,0.0,0.0,500.0,357.0,10
014.Indigo_Bunting/Indigo_Bunting_0044_14389.jpg,0.0,0.0,500.0,366.0,13
018.Spotted_Catbird/Spotted_Catbird_0035_796799.jpg,0.0,0.0,250.0,253.0,17
009.Brewer_Blackbird/Brewer_Blackbird_0017_2668.jpg,126.0,55.0,462.0,334.0,8
016.Painted_Bunting/Painted_Bunting_0021_15295.jpg,0.0,0.0,500.0,400.0,15
015.Lazuli_Bunting/Lazuli_Bunting_0009_15163.jpg,0.0,96.0,342.0,438.0,14
007.Parakeet_Auklet/Parakeet_Auklet_0041_795933.jpg,0.0,0.0,222.0,178.0,6
007.Parakeet_Auklet/Parakeet_Auklet_0076_796001.jpg,0.0,2.0,358.0,500.0,6
015.Lazuli_Bunting/Lazuli_Bunting_0105_15017.jpg,0.0,0.0,346.0,432.0,14
013.Bobolink/Bobolink_0056_9080.jpg,110.0,36.0,500.0,373.0,12
019.Gray_Catbird/Gray_Catbird_0031_21635.jpg,142.0,70.0,500.0,388.0,18
003.Sooty_Albatross/Sooty_Albatross_0036_796387.jpg,5.0,0.0,451.0,330.0,2
002.Laysan_Albatross/Laysan_Albatross_0005_565.jpg,0.0,0.0,433.0,333.0,1
016.Painted_Bunting/Painted_Bunting_0040_16691.jpg,19.0,0.0,500.0,362.0,15
014.Indigo_Bunting/Indigo_Bunting_0066_12869.jpg,0.0,0.0,500.0,392.0,13
016.Painted_Bunting/Painted_Bunting_0079_15197.jpg,57.0,83.0,391.0,479.0,15
007.Parakeet_Auklet/Parakeet_Auklet_0030_795930.jpg,0.0,8.0,318.0,356.0,6
018.Spotted_Catbird/Spotted_Catbird_0013_19428.jpg,0.0,0.0,455.0,375.0,17
002.Laysan_Albatross/Laysan_Albatross_0075_668.jpg,0.0,0.0,378.0,340.0,1
016.Painted_Bunting/Painted_Bunting_0002_16887.jpg,95.0,130.0,285.0,320.0,15
016.Painted_Bunting/Painted_Bunting_0072_16697.jpg,140.0,128.0,384.0,372.0,15
007.Parakeet_Auklet/Parakeet_Auklet_0073_795939.jpg,47.0,41.0,367.0,344.0,6
008.Rhinoceros_Auklet/Rhinoceros_Auklet_0006_797512.jpg,0.0,0.0,350.0,291.0,7
005.Crested_Auklet/Crested_Auklet_0036_794905.jpg,0.0,0.0,301.0,465.0,4
008.Rhinoceros_Auklet/Rhinoceros_Auklet_0004_797541.jpg,0.0,0.0,464.0,350.0,7
006.Least_Auklet/Least_Auklet_0021_795127.jpg,2.0,0.0,470.0,426.0,5
004.Groove_billed_Ani/Groove_Billed_Ani_0051_1650.jpg,0.0,21.0,400.0,459.0,3
020.Yellow_breasted_Chat/Yellow_Breasted_Chat_0091_22111.jpg,15.0,0.0,500.0,333.0,19
009.Brewer_Blackbird/Brewer_Blackbird_0038_2294.jpg,0.0,0.0,500.0,358.0,8
009.Brewer_Blackbird/Brewer_Blackbird_0041_2653.jpg,40.0,12.0,404.0,376.0,8
007.Parakeet_Auklet/Parakeet_Auklet_0042_795961.jpg,30.0,0.0,500.0,348.0,6
009.Brewer_Blackbird/Brewer_Blackbird_0010_2269.jpg,0.0,0.0,480.0,397.0,8
013.Bobolink/Bobolink_0014_11055.jpg,67.0,54.0,443.0,370.0,12
003.Sooty_Albatross/Sooty_Albatross_0057_796354.jpg,1.0,0.0,215.0,188.0,2
014.Indigo_Bunting/Indigo_Bunting_0027_11579.jpg,31.0,74.0,305.0,348.0,13
012.Yellow_headed_Blackbird/Yellow_Headed_Blackbird_0040_7514.jpg,16.0,85.0,363.0,500.0,11
012.Yellow_headed_Blackbird/Yellow_Headed_Blackbird_0003_8337.jpg,0.0,7.0,436.0,386.0,11
009.Brewer_Blackbird/Brewer_Blackbird_0074_2277.jpg,17.0,25.0,205.0,213.0,8
002.Laysan_Albatross/Laysan_Albatross_0068_726.jpg,0.0,0.0,333.0,500.0,1
020.Yellow_breasted_Chat/Yellow_Breasted_Chat_0087_21695.jpg,0.0,71.0,332.0,421.0,19
019.Gray_Catbird/Gray_Catbird_0117_21333.jpg,0.0,49.0,486.0,443.0,18
013.Bobolink/Bobolink_0049_9540.jpg,0.0,0.0,461.0,388.0,12
006.Least_Auklet/Least_Auklet_0055_795106.jpg,0.0,0.0,500.0,457.0,5
018.Spotted_Catbird/Spotted_Catbird_0031_796806.jpg,9.0,0.0,299.0,226.0,17
010.Red_winged_Blackbird/Red_Winged_Blackbird_0022_4483.jpg,67.0,77.0,323.0,333.0,9
020.Yellow_breasted_Chat/Yellow_Breasted_Chat_0086_21877.jpg,134.0,72.0,434.0,334.0,19
005.Crested_Auklet/Crested_Auklet_0028_794951.jpg,0.0,43.0,271.0,393.0,4
016.Painted_Bunting/Painted_Bunting_0080_16534.jpg,60.0,106.0,288.0,334.0,15
018.Spotted_Catbird/Spotted_Catbird_0016_796803.jpg,0.0,0.0,193.0,133.0,17
009.Brewer_Blackbird/Brewer_Blackbird_0090_2658.jpg,0.0,0.0,474.0,397.0,8
018.Spotted_Catbird/Spotted_Catbird_0028_796813.jpg,11.0,0.0,443.0,327.0,17
005.Crested_Auklet/Crested_Auklet_0066_785251.jpg,0.0,0.0,425.0,500.0,4
010.Red_winged_Blackbird/Red_Winged_Blackbird_0059_4612.jpg,42.0,0.0,500.0,356.0,9
012.Yellow_headed_Blackbird/Yellow_Headed_Blackbird_0035_8447.jpg,67.0,78.0,339.0,333.0,11
017.Cardinal/Cardinal_0006_17684.jpg,54.0,9.0,500.0,427.0,16
008.Rhinoceros_Auklet/Rhinoceros_Auklet_0007_797521.jpg,0.0,0.0,338.0,300.0,7
012.Yellow_headed_Blackbird/Yellow_Headed_Blackbird_0091_8555.jpg,143.0,101.0,435.0,335.0,11
005.Crested_Auklet/Crested_Auklet_0012_794960.jpg,0.0,0.0,279.0,381.0,4
006.Least_Auklet/Least_Auklet_0014_1901.jpg,0.0,0.0,500.0,375.0,5
013.Bobolink/Bobolink_0133_9618.jpg,0.0,12.0,282.0,306.0,12
013.Bobolink/Bobolink_0013_9367.jpg,51.0,63.0,435.0,441.0,12
004.Groove_billed_Ani/Groove_Billed_Ani_0105_1562.jpg,22.0,0.0,500.0,371.0,3
011.Rusty_Blackbird/Rusty_Blackbird_0055_6923.jpg,4.0,0.0,428.0,375.0,10
019.Gray_Catbird/Gray_Catbird_0019_20567.jpg,107.0,57.0,451.0,400.0,18
002.Laysan_Albatross/Laysan_Albatross_0037_699.jpg,0.0,0.0,500.0,333.0,1
003.Sooty_Albatross/Sooty_Albatross_0075_796352.jpg,0.0,0.0,500.0,217.0,2
018.Spotted_Catbird/Spotted_Catbird_0044_796809.jpg,0.0,0.0,477.0,333.0,17
007.Parakeet_Auklet/Parakeet_Auklet_0001_795972.jpg,0.0,24.0,334.0,480.0,6
009.Brewer_Blackbird/Brewer_Blackbird_0065_2310.jpg,0.0,47.0,333.0,437.0,8
011.Rusty_Blackbird/Rusty_Blackbird_0086_6658.jpg,0.0,0.0,400.0,500.0,10
010.Red_winged_Blackbird/Red_Winged_Blackbird_0085_5846.jpg,0.0,0.0,365.0,500.0,9
020.Yellow_breasted_Chat/Yellow_Breasted_Chat_0005_21828.jpg,62.0,1.0,500.0,357.0,19
019.Gray_Catbird/Gray_Catbird_0044_20955.jpg,0.0,0.0,416.0,304.0,18
005.Crested_Auklet/Crested_Auklet_0061_794904.jpg,0.0,0.0,334.0,500.0,4
007.Parakeet_Auklet/Parakeet_Auklet_0045_795953.jpg,0.0,14.0,363.0,500.0,6
010.Red_winged_Blackbird/Red_Winged_Blackbird_0054_4625.jpg,6.0,72.0,396.0,462.0,9
016.Painted_Bunting/Painted_Bunting_0016_15200.jpg,133.0,5.0,500.0,339.0,15
001.Black_footed_Albatross/Black_Footed_Albatross_0064_796101.jpg,0.0,0.0,400.0,333.0,0
012.Yellow_headed_Blackbird/Yellow_Headed_Blackbird_0024_8586.jpg,38.0,17.0,468.0,375.0,11
008.Rhinoceros_Auklet/Rhinoceros_Auklet_0015_2160.jpg,83.0,45.0,429.0,391.0,7
007.Parakeet_Auklet/Parakeet_Auklet_0013_795970.jpg,0.0,0.0,485.0,375.0,6
012.Yellow_headed_Blackbird/Yellow_Headed_Blackbird_0065_8481.jpg,0.0,19.0,421.0,375.0,11
008.Rhinoceros_Auklet/Rhinoceros_Auklet_0024_797529.jpg,22.0,0.0,384.0,271.0,7
020.Yellow_breasted_Chat/Yellow_Breasted_Chat_0066_21839.jpg,26.0,0.0,500.0,401.0,19
010.Red_winged_Blackbird/Red_Winged_Blackbird_0039_4285.jpg,45.0,100.0,285.0,340.0,9
005.Crested_Auklet/Crested_Auklet_0039_794944.jpg,0.0,0.0,344.0,500.0,4
004.Groove_billed_Ani/Groove_Billed_Ani_0077_1724.jpg,0.0,45.0,308.0,393.0,3
001.Black_footed_Albatross/Black_Footed_Albatross_0067_170.jpg,0.0,0.0,333.0,361.0,0
003.Sooty_Albatross/Sooty_Albatross_0048_1130.jpg,0.0,0.0,326.0,333.0,2
015.Lazuli_Bunting/Lazuli_Bunting_0087_15096.jpg,0.0,0.0,500.0,326.0,14
004.Groove_billed_Ani/Groove_Billed_Ani_0090_1567.jpg,0.0,0.0,471.0,333.0,3
017.Cardinal/Cardinal_0079_19044.jpg,67.0,0.0,500.0,346.0,16
014.Indigo_Bunting/Indigo_Bunting_0058_12207.jpg,0.0,0.0,386.0,375.0,13
019.Gray_Catbird/Gray_Catbird_0027_20968.jpg,33.0,37.0,329.0,333.0,18
005.Crested_Auklet/Crested_Auklet_0013_794914.jpg,0.0,11.0,261.0,299.0,4
001.Black_footed_Albatross/Black_Footed_Albatross_0014_89.jpg,0.0,0.0,331.0,380.0,0
015.Lazuli_Bunting/Lazuli_Bunting_0027_14895.jpg,0.0,0.0,444.0,392.0,14
002.Laysan_Albatross/Laysan_Albatross_0004_930.jpg,0.0,0.0,422.0,375.0,1
014.Indigo_Bunting/Indigo_Bunting_0054_12213.jpg,66.0,9.0,438.0,375.0,13
020.Yellow_breasted_Chat/Yellow_Breasted_Chat_0010_21777.jpg,27.0,40.0,423.0,415.0,19
014.Indigo_Bunting/Indigo_Bunting_0021_13979.jpg,0.0,0.0,409.0,342.0,13
001.Black_footed_Albatross/Black_Footed_Albatross_0003_796136.jpg,0.0,0.0,500.0,375.0,0
016.Painted_Bunting/Painted_Bunting_0083_16587.jpg,83.0,47.0,485.0,332.0,15
014.Indigo_Bunting/Indigo_Bunting_0029_13761.jpg,35.0,42.0,343.0,350.0,13
015.Lazuli_Bunting/Lazuli_Bunting_0052_14618.jpg,19.0,0.0,500.0,230.0,14
014.Indigo_Bunting/Indigo_Bunting_0013_12949.jpg,0.0,0.0,426.0,375.0,13
008.Rhinoceros_Auklet/Rhinoceros_Auklet_0017_2155.jpg,0.0,0.0,341.0,344.0,7
001.Black_footed_Albatross/Black_Footed_Albatross_0008_796083.jpg,94.0,36.0,500.0,357.0,0
015.Lazuli_Bunting/Lazuli_Bunting_0031_15018.jpg,0.0,0.0,500.0,400.0,14
005.Crested_Auklet/Crested_Auklet_0042_794902.jpg,0.0,0.0,348.0,500.0,4
020.Yellow_breasted_Chat/Yellow_Breasted_Chat_0077_21986.jpg,139.0,58.0,500.0,333.0,19
016.Painted_Bunting/Painted_Bunting_0066_15241.jpg,52.0,138.0,302.0,388.0,15
009.Brewer_Blackbird/Brewer_Blackbird_0018_2261.jpg,78.0,12.0,474.0,332.0,8
002.Laysan_Albatross/Laysan_Albatross_0017_614.jpg,0.0,0.0,375.0,500.0,1
019.Gray_Catbird/Gray_Catbird_0013_20562.jpg,0.0,0.0,443.0,488.0,18
013.Bobolink/Bobolink_0065_9375.jpg,0.0,0.0,298.0,343.0,12
019.Gray_Catbird/Gray_Catbird_0090_21464.jpg,0.0,5.0,333.0,500.0,18
013.Bobolink/Bobolink_0102_10807.jpg,57.0,72.0,291.0,306.0,12
011.Rusty_Blackbird/Rusty_Blackbird_0073_6744.jpg,31.0,0.0,371.0,218.0,10
012.Yellow_headed_Blackbird/Yellow_Headed_Blackbird_0023_7325.jpg,10.0,0.0,500.0,326.0,11
005.Crested_Auklet/Crested_Auklet_0011_794927.jpg,0.0,0.0,500.0,478.0,4
008.Rhinoceros_Auklet/Rhinoceros_Auklet_0041_797515.jpg,0.0,0.0,400.0,294.0,7
012.Yellow_headed_Blackbird/Yellow_Headed_Blackbird_0051_8387.jpg,33.0,28.0,395.0,358.0,11
013.Bobolink/Bobolink_0115_9265.jpg,66.0,39.0,368.0,341.0,12
013.Bobolink/Bobolink_0047_9204.jpg,0.0,0.0,387.0,443.0,12
003.Sooty_Albatross/Sooty_Albatross_0006_796390.jpg,0.0,0.0,500.0,333.0,2
009.Brewer_Blackbird/Brewer_Blackbird_0027_2329.jpg,13.0,0.0,500.0,400.0,8
012.Yellow_headed_Blackbird/Yellow_Headed_Blackbird_0017_8511.jpg,0.0,39.0,328.0,441.0,11
011.Rusty_Blackbird/Rusty_Blackbird_0114_6760.jpg,0.0,0.0,500.0,375.0,10
010.Red_winged_Blackbird/Red_Winged_Blackbird_0089_4188.jpg,59.0,0.0,500.0,348.0,9
003.Sooty_Albatross/Sooty_Albatross_0067_796376.jpg,0.0,0.0,500.0,375.0,2
015.Lazuli_Bunting/Lazuli_Bunting_0102_14605.jpg,12.0,22.0,288.0,298.0,14
020.Yellow_breasted_Chat/Yellow_Breasted_Chat_0012_21961.jpg,30.0,0.0,438.0,335.0,19
010.Red_winged_Blackbird/Red_Winged_Blackbird_0071_3988.jpg,0.0,0.0,500.0,333.0,9
002.Laysan_Albatross/Laysan_Albatross_0018_492.jpg,74.0,4.0,500.0,335.0,1
010.Red_winged_Blackbird/Red_Winged_Blackbird_0005_5636.jpg,0.0,0.0,500.0,322.0,9
003.Sooty_Albatross/Sooty_Albatross_0001_1071.jpg,0.0,69.0,330.0,451.0,2
013.Bobolink/Bobolink_0021_10623.jpg,5.0,0.0,500.0,383.0,12
010.Red_winged_Blackbird/Red_Winged_Blackbird_0010_6386.jpg,0.0,0.0,424.0,500.0,9
019.Gray_Catbird/Gray_Catbird_0091_20416.jpg,116.0,44.0,486.0,375.0,18
004.Groove_billed_Ani/Groove_Billed_Ani_0080_1549.jpg,2.0,15.0,440.0,357.0,3
001.Black_footed_Albatross/Black_Footed_Albatross_0019_796104.jpg,0.0,0.0,500.0,338.0,0
011.Rusty_Blackbird/Rusty_Blackbird_0032_6611.jpg,60.0,68.0,354.0,333.0,10
005.Crested_Auklet/Crested_Auklet_0029_1824.jpg,0.0,0.0,326.0,500.0,4
019.Gray_Catbird/Gray_Catbird_0043_21008.jpg,36.0,17.0,336.0,317.0,18
001.Black_footed_Albatross/Black_Footed_Albatross_0051_796103.jpg,0.0,0.0,493.0,391.0,0
004.Groove_billed_Ani/Groove_Billed_Ani_0076_1661.jpg,88.0,64.0,500.0,344.0,3
001.Black_footed_Albatross/Black_Footed_Albatross_0085_92.jpg,0.0,0.0,439.0,470.0,0
017.Cardinal/Cardinal_0105_19045.jpg,68.0,13.0,488.0,390.0,16
006.Least_Auklet/Least_Auklet_0034_795096.jpg,0.0,0.0,300.0,450.0,5
006.Least_Auklet/Least_Auklet_0038_795132.jpg,34.0,19.0,366.0,351.0,5
003.Sooty_Albatross/Sooty_Albatross_0079_796389.jpg,0.0,0.0,298.0,320.0,2
012.Yellow_headed_Blackbird/Yellow_Headed_Blackbird_0095_8458.jpg,11.0,20.0,446.0,500.0,11
015.Lazuli_Bunting/Lazuli_Bunting_0067_14672.jpg,28.0,1.0,500.0,375.0,14
009.Brewer_Blackbird/Brewer_Blackbird_0078_2659.jpg,0.0,0.0,406.0,402.0,8
015.Lazuli_Bunting/Lazuli_Bunting_0048_14844.jpg,32.0,38.0,493.0,500.0,14
017.Cardinal/Cardinal_0097_17396.jpg,98.0,45.0,500.0,375.0,16
014.Indigo_Bunting/Indigo_Bunting_0059_11596.jpg,0.0,0.0,500.0,357.0,13
011.Rusty_Blackbird/Rusty_Blackbird_0009_6853.jpg,130.0,133.0,382.0,385.0,10
014.Indigo_Bunting/Indigo_Bunting_0034_12464.jpg,69.0,55.0,363.0,349.0,13
013.Bobolink/Bobolink_0033_10809.jpg,0.0,0.0,457.0,375.0,12
014.Indigo_Bunting/Indigo_Bunting_0074_12829.jpg,67.0,0.0,500.0,282.0,13
018.Spotted_Catbird/Spotted_Catbird_0034_19437.jpg,0.0,0.0,500.0,333.0,17
002.Laysan_Albatross/Laysan_Albatross_0092_834.jpg,0.0,0.0,461.0,333.0,1
005.Crested_Auklet/Crested_Auklet_0019_794925.jpg,0.0,0.0,200.0,273.0,4
010.Red_winged_Blackbird/Red_Winged_Blackbird_0045_4526.jpg,0.0,9.0,368.0,387.0,9
001.Black_footed_Albatross/Black_Footed_Albatross_0045_796129.jpg,0.0,0.0,500.0,332.0,0
020.Yellow_breasted_Chat/Yellow_Breasted_Chat_0048_21797.jpg,0.0,0.0,487.0,378.0,19
013.Bobolink/Bobolink_0002_11085.jpg,0.0,0.0,349.0,334.0,12
001.Black_footed_Albatross/Black_Footed_Albatross_0090_796077.jpg,0.0,0.0,216.0,136.0,0
014.Indigo_Bunting/Indigo_Bunting_0068_13081.jpg,0.0,0.0,431.0,288.0,13
016.Painted_Bunting/Painted_Bunting_0087_15232.jpg,55.0,4.0,457.0,358.0,15
009.Brewer_Blackbird/Brewer_Blackbird_0061_2270.jpg,0.0,10.0,357.0,450.0,8
014.Indigo_Bunting/Indigo_Bunting_0085_11991.jpg,63.0,28.0,435.0,399.0,13
020.Yellow_breasted_Chat/Yellow_Breasted_Chat_0065_22137.jpg,71.0,7.0,405.0,289.0,19
014.Indigo_Bunting/Indigo_Bunting_0061_13259.jpg,0.0,0.0,434.0,375.0,13
010.Red_winged_Blackbird/Red_Winged_Blackbird_0024_4180.jpg,0.0,0.0,500.0,332.0,9
001.Black_footed_Albatross/Black_Footed_Albatross_0039_796132.jpg,74.0,19.0,500.0,483.0,0
006.Least_Auklet/Least_Auklet_0018_795077.jpg,0.0,60.0,325.0,408.0,5
016.Painted_Bunting/Painted_Bunting_0058_16719.jpg,31.0,3.0,371.0,343.0,15
013.Bobolink/Bobolink_0079_10736.jpg,68.0,56.0,384.0,372.0,12
001.Black_footed_Albatross/Black_Footed_Albatross_0009_34.jpg,0.0,0.0,494.0,336.0,0
006.Least_Auklet/Least_Auklet_0060_795095.jpg,0.0,0.0,480.0,333.0,5
016.Painted_Bunting/Painted_Bunting_0009_16674.jpg,19.0,0.0,499.0,334.0,15
020.Yellow_breasted_Chat/Yellow_Breasted_Chat_0101_21677.jpg,0.0,0.0,412.0,333.0,19
014.Indigo_Bunting/Indigo_Bunting_0032_12215.jpg,0.0,61.0,337.0,401.0,13
011.Rusty_Blackbird/Rusty_Blackbird_0011_7028.jpg,0.0,0.0,441.0,335.0,10
016.Painted_Bunting/Painted_Bunting_0100_16735.jpg,115.0,12.0,500.0,333.0,15
008.Rhinoceros_Auklet/Rhinoceros_Auklet_0043_2096.jpg,0.0,0.0,465.0,393.0,7
003.Sooty_Albatross/Sooty_Albatross_0003_1078.jpg,0.0,0.0,500.0,357.0,2
014.Indigo_Bunting/Indigo_Bunting_0077_14060.jpg,62.0,17.0,408.0,333.0,13
017.Cardinal/Cardinal_0010_18894.jpg,0.0,3.0,259.0,285.0,16
006.Least_Auklet/Least_Auklet_0010_795092.jpg,0.0,6.0,220.0,330.0,5
013.Bobolink/Bobolink_0070_10624.jpg,25.0,55.0,223.0,253.0,12
016.Painted_Bunting/Painted_Bunting_0028_15205.jpg,49.0,0.0,500.0,333.0,15
020.Yellow_breasted_Chat/Yellow_Breasted_Chat_0073_21932.jpg,127.0,93.0,419.0,375.0,19
004.Groove_billed_Ani/Groove_Billed_Ani_0029_1620.jpg,0.0,18.0,418.0,500.0,3
020.Yellow_breasted_Chat/Yellow_Breasted_Chat_0110_21871.jpg,0.0,0.0,500.0,327.0,19
018.Spotted_Catbird/Spotted_Catbird_0033_796805.jpg,0.0,0.0,500.0,375.0,17
016.Painted_Bunting/Painted_Bunting_0086_16540.jpg,0.0,52.0,491.0,495.0,15
018.Spotted_Catbird/Spotted_Catbird_0041_796807.jpg,0.0,0.0,177.0,131.0,17
003.Sooty_Albatross/Sooty_Albatross_0038_1065.jpg,122.0,34.0,492.0,320.0,2
007.Parakeet_Auklet/Parakeet_Auklet_0032_795986.jpg,0.0,8.0,121.0,170.0,6
003.Sooty_Albatross/Sooty_Albatross_0070_796346.jpg,0.0,0.0,480.0,360.0,2
001.Black_footed_Albatross/Black_Footed_Albatross_0058_796074.jpg,0.0,0.0,412.0,334.0,0
012.Yellow_headed_Blackbird/Yellow_Headed_Blackbird_0088_8257.jpg,0.0,0.0,360.0,240.0,11
019.Gray_Catbird/Gray_Catbird_0006_20867.jpg,0.0,0.0,500.0,333.0,18
015.Lazuli_Bunting/Lazuli_Bunting_0015_14690.jpg,69.0,51.0,424.0,445.0,14
010.Red_winged_Blackbird/Red_Winged_Blackbird_0007_3706.jpg,0.0,0.0,500.0,278.0,9
002.Laysan_Albatross/Laysan_Albatross_0025_571.jpg,38.0,0.0,500.0,281.0,1
014.Indigo_Bunting/Indigo_Bunting_0039_12756.jpg,80.0,116.0,286.0,322.0,13
013.Bobolink/Bobolink_0110_9496.jpg,32.0,53.0,232.0,253.0,12
007.Parakeet_Auklet/Parakeet_Auklet_0048_795980.jpg,0.0,0.0,334.0,500.0,6
001.Black_footed_Albatross/Black_Footed_Albatross_0056_796078.jpg,79.0,37.0,417.0,375.0,0
018.Spotted_Catbird/Spotted_Catbird_0004_796804.jpg,0.0,0.0,500.0,400.0,17
003.Sooty_Albatross/Sooty_Albatross_0005_796342.jpg,0.0,0.0,437.0,376.0,2
012.Yellow_headed_Blackbird/Yellow_Headed_Blackbird_0072_8606.jpg,0.0,25.0,358.0,500.0,11
006.Least_Auklet/Least_Auklet_0046_795118.jpg,21.0,37.0,360.0,360.0,5
019.Gray_Catbird/Gray_Catbird_0053_20694.jpg,0.0,0.0,500.0,375.0,18
019.Gray_Catbird/Gray_Catbird_0118_20476.jpg,0.0,0.0,500.0,331.0,18
005.Crested_Auklet/Crested_Auklet_0047_794918.jpg,0.0,0.0,200.0,200.0,4
011.Rusty_Blackbird/Rusty_Blackbird_0051_6715.jpg,54.0,0.0,500.0,383.0,10
004.Groove_billed_Ani/Groove_Billed_Ani_0014_1755.jpg,0.0,0.0,375.0,500.0,3
013.Bobolink/Bobolink_0120_10859.jpg,85.0,19.0,500.0,385.0,12
004.Groove_billed_Ani/Groove_Billed_Ani_0017_1561.jpg,0.0,0.0,500.0,375.0,3
007.Parakeet_Auklet/Parakeet_Auklet_0026_795962.jpg,0.0,70.0,334.0,498.0,6
014.Indigo_Bunting/Indigo_Bunting_0082_11907.jpg,53.0,120.0,227.0,294.0,13
001.Black_footed_Albatross/Black_Footed_Albatross_0037_796120.jpg,0.0,0.0,393.0,272.0,0
003.Sooty_Albatross/Sooty_Albatross_0044_1105.jpg,116.0,54.0,436.0,332.0,2
013.Bobolink/Bobolink_0107_10252.jpg,23.0,0.0,500.0,334.0,12
020.Yellow_breasted_Chat/Yellow_Breasted_Chat_0081_21829.jpg,0.0,0.0,280.0,227.0,19
014.Indigo_Bunting/Indigo_Bunting_0051_12837.jpg,30.0,67.0,290.0,327.0,13
019.Gray_Catbird/Gray_Catbird_0048_20558.jpg,18.0,0.0,500.0,425.0,18
004.Groove_billed_Ani/Groove_Billed_Ani_0107_1590.jpg,11.0,0.0,473.0,375.0,3
014.Indigo_Bunting/Indigo_Bunting_0003_13049.jpg,2.0,0.0,500.0,372.0,13
014.Indigo_Bunting/Indigo_Bunting_0028_12335.jpg,202.0,98.0,500.0,333.0,13
008.Rhinoceros_Auklet/Rhinoceros_Auklet_0049_797543.jpg,1.0,0.0,230.0,158.0,7
009.Brewer_Blackbird/Brewer_Blackbird_0087_2622.jpg,118.0,50.0,500.0,369.0,8
017.Cardinal/Cardinal_0081_17291.jpg,19.0,0.0,447.0,341.0,16
005.Crested_Auklet/Crested_Auklet_0062_794968.jpg,0.0,0.0,243.0,280.0,4
004.Groove_billed_Ani/Groove_Billed_Ani_0085_1612.jpg,118.0,81.0,474.0,375.0,3
007.Parakeet_Auklet/Parakeet_Auklet_0007_795932.jpg,0.0,0.0,365.0,243.0,6
016.Painted_Bunting/Painted_Bunting_0039_15235.jpg,0.0,29.0,254.0,317.0,15
017.Cardinal/Cardinal_0037_18092.jpg,0.0,29.0,350.0,385.0,16
002.Laysan_Albatross/Laysan_Albatross_0053_543.jpg,51.0,18.0,395.0,333.0,1
004.Groove_billed_Ani/Groove_Billed_Ani_0061_1510.jpg,0.0,0.0,333.0,500.0,3
017.Cardinal/Cardinal_0040_17477.jpg,42.0,0.0,456.0,338.0,16
014.Indigo_Bunting/Indigo_Bunting_0037_14128.jpg,64.0,39.0,350.0,279.0,13
013.Bobolink/Bobolink_0069_9085.jpg,0.0,0.0,378.0,500.0,12
001.Black_footed_Albatross/Black_Footed_Albatross_0033_796086.jpg,0.0,0.0,500.0,375.0,0
001.Black_footed_Albatross/Black_Footed_Albatross_0024_796089.jpg,0.0,0.0,480.0,414.0,0
015.Lazuli_Bunting/Lazuli_Bunting_0047_14863.jpg,36.0,57.0,432.0,453.0,14
006.Least_Auklet/Least_Auklet_0063_795134.jpg,0.0,0.0,438.0,500.0,5
011.Rusty_Blackbird/Rusty_Blackbird_0107_6839.jpg,0.0,17.0,342.0,389.0,10
006.Least_Auklet/Least_Auklet_0028_795094.jpg,0.0,2.0,342.0,346.0,5
007.Parakeet_Auklet/Parakeet_Auklet_0012_795927.jpg,0.0,17.0,348.0,469.0,6
016.Painted_Bunting/Painted_Bunting_0094_16467.jpg,0.0,0.0,500.0,393.0,15
004.Groove_billed_Ani/Groove_Billed_Ani_0078_1780.jpg,19.0,14.0,211.0,206.0,3
001.Black_footed_Albatross/Black_Footed_Albatross_0076_417.jpg,0.0,0.0,500.0,441.0,0
014.Indigo_Bunting/Indigo_Bunting_0025_12532.jpg,9.0,31.0,381.0,357.0,13
008.Rhinoceros_Auklet/Rhinoceros_Auklet_0051_797510.jpg,74.0,38.0,338.0,302.0,7
013.Bobolink/Bobolink_0043_10607.jpg,0.0,0.0,400.0,500.0,12
011.Rusty_Blackbird/Rusty_Blackbird_0036_6550.jpg,0.0,0.0,500.0,407.0,10
010.Red_winged_Blackbird/Red_Winged_Blackbird_0044_5621.jpg,0.0,0.0,500.0,475.0,9
003.Sooty_Albatross/Sooty_Albatross_0076_796365.jpg,28.0,0.0,500.0,334.0,2
011.Rusty_Blackbird/Rusty_Blackbird_0102_6590.jpg,0.0,0.0,434.0,328.0,10
006.Least_Auklet/Least_Auklet_0030_795116.jpg,35.0,42.0,275.0,249.0,5
009.Brewer_Blackbird/Brewer_Blackbird_0131_2289.jpg,25.0,0.0,500.0,375.0,8
017.Cardinal/Cardinal_0104_17122.jpg,0.0,0.0,352.0,500.0,16
018.Spotted_Catbird/Spotted_Catbird_0036_19406.jpg,0.0,33.0,333.0,433.0,17
005.Crested_Auklet/Crested_Auklet_0075_785259.jpg,94.0,87.0,312.0,305.0,4
015.Lazuli_Bunting/Lazuli_Bunting_0057_14775.jpg,0.0,0.0,500.0,270.0,14
020.Yellow_breasted_Chat/Yellow_Breasted_Chat_0089_21804.jpg,69.0,4.0,483.0,343.0,19
004.Groove_billed_Ani/Groove_Billed_Ani_0002_1670.jpg,0.0,0.0,500.0,360.0,3
004.Groove_billed_Ani/Groove_Billed_Ani_0055_1501.jpg,47.0,0.0,500.0,333.0,3
007.Parakeet_Auklet/Parakeet_Auklet_0015_795966.jpg,2.0,0.0,350.0,319.0,6
005.Crested_Auklet/Crested_Auklet_0052_794952.jpg,0.0,66.0,250.0,330.0,4
015.Lazuli_Bunting/Lazuli_Bunting_0089_14598.jpg,0.0,0.0,304.0,330.0,14
008.Rhinoceros_Auklet/Rhinoceros_Auklet_0026_797519.jpg,19.0,0.0,367.0,280.0,7
009.Brewer_Blackbird/Brewer_Blackbird_0064_2290.jpg,0.0,0.0,500.0,321.0,8
007.Parakeet_Auklet/Parakeet_Auklet_0039_795955.jpg,0.0,0.0,462.0,375.0,6
018.Spotted_Catbird/Spotted_Catbird_0021_796798.jpg,0.0,0.0,454.0,500.0,17
016.Painted_Bunting/Painted_Bunting_0056_16599.jpg,0.0,0.0,465.0,324.0,15
003.Sooty_Albatross/Sooty_Albatross_0064_796343.jpg,13.0,0.0,500.0,335.0,2
009.Brewer_Blackbird/Brewer_Blackbird_0049_2258.jpg,23.0,0.0,459.0,355.0,8
013.Bobolink/Bobolink_0117_10215.jpg,36.0,0.0,500.0,348.0,12
012.Yellow_headed_Blackbird/Yellow_Headed_Blackbird_0098_8367.jpg,31.0,0.0,435.0,375.0,11
016.Painted_Bunting/Painted_Bunting_0032_16605.jpg,13.0,0.0,373.0,358.0,15
008.Rhinoceros_Auklet/Rhinoceros_Auklet_0019_797513.jpg,9.0,24.0,265.0,280.0,7
008.Rhinoceros_Auklet/Rhinoceros_Auklet_0046_797532.jpg,17.0,0.0,223.0,167.0,7
012.Yellow_headed_Blackbird/Yellow_Headed_Blackbird_0012_8443.jpg,66.0,8.0,500.0,333.0,11
019.Gray_Catbird/Gray_Catbird_0002_21395.jpg,31.0,8.0,500.0,411.0,18
012.Yellow_headed_Blackbird/Yellow_Headed_Blackbird_0061_8208.jpg,48.0,128.0,333.0,416.0,11
004.Groove_billed_Ani/Groove_Billed_Ani_0088_1678.jpg,23.0,36.0,413.0,375.0,3
010.Red_winged_Blackbird/Red_Winged_Blackbird_0061_4196.jpg,0.0,0.0,472.0,317.0,9
008.Rhinoceros_Auklet/Rhinoceros_Auklet_0020_2195.jpg,118.0,65.0,442.0,389.0,7
003.Sooty_Albatross/Sooty_Albatross_0077_1080.jpg,10.0,0.0,500.0,335.0,2
007.Parakeet_Auklet/Parakeet_Auklet_0070_795998.jpg,0.0,0.0,200.0,150.0,6
020.Yellow_breasted_Chat/Yellow_Breasted_Chat_0075_21715.jpg,0.0,21.0,375.0,500.0,19
011.Rusty_Blackbird/Rusty_Blackbird_0027_6593.jpg,46.0,14.0,298.0,266.0,10
009.Brewer_Blackbird/Brewer_Blackbird_0101_2630.jpg,0.0,83.0,349.0,451.0,8
017.Cardinal/Cardinal_0028_18054.jpg,3.0,9.0,251.0,250.0,16
004.Groove_billed_Ani/Groove_Billed_Ani_0094_1540.jpg,0.0,0.0,500.0,400.0,3
007.Parakeet_Auklet/Parakeet_Auklet_0016_795977.jpg,0.0,0.0,500.0,344.0,6
009.Brewer_Blackbird/Brewer_Blackbird_0096_2634.jpg,0.0,0.0,500.0,402.0,8
013.Bobolink/Bobolink_0050_9821.jpg,0.0,59.0,335.0,455.0,12
007.Parakeet_Auklet/Parakeet_Auklet_0040_795974.jpg,90.0,94.0,497.0,500.0,6
019.Gray_Catbird/Gray_Catbird_0055_20671.jpg,0.0,0.0,481.0,393.0,18
018.Spotted_Catbird/Spotted_Catbird_0039_796811.jpg,0.0,0.0,500.0,333.0,17
012.Yellow_headed_Blackbird/Yellow_Headed_Blackbird_0038_8689.jpg,0.0,37.0,407.0,459.0,11
003.Sooty_Albatross/Sooty_Albatross_0063_1101.jpg,11.0,0.0,275.0,259.0,2
007.Parakeet_Auklet/Parakeet_Auklet_0056_795926.jpg,0.0,0.0,448.0,356.0,6
011.Rusty_Blackbird/Rusty_Blackbird_0023_6752.jpg,0.0,0.0,500.0,333.0,10
006.Least_Auklet/Least_Auklet_0035_1888.jpg,0.0,0.0,500.0,400.0,5
009.Brewer_Blackbird/Brewer_Blackbird_0142_2636.jpg,36.0,0.0,500.0,333.0,8
020.Yellow_breasted_Chat/Yellow_Breasted_Chat_0041_21683.jpg,0.0,0.0,410.0,500.0,19
009.Brewer_Blackbird/Brewer_Blackbird_0042_2302.jpg,0.0,0.0,500.0,362.0,8
017.Cardinal/Cardinal_0075_17946.jpg,0.0,56.0,369.0,428.0,16
009.Brewer_Blackbird/Brewer_Blackbird_0104_2230.jpg,1.0,0.0,300.0,200.0,8
010.Red_winged_Blackbird/Red_Winged_Blackbird_0027_4123.jpg,34.0,0.0,500.0,318.0,9
015.Lazuli_Bunting/Lazuli_Bunting_0037_15021.jpg,135.0,124.0,373.0,362.0,14
018.Spotted_Catbird/Spotted_Catbird_0020_796794.jpg,0.0,0.0,414.0,300.0,17
009.Brewer_Blackbird/Brewer_Blackbird_0012_2691.jpg,57.0,31.0,335.0,309.0,8
005.Crested_Auklet/Crested_Auklet_0059_794929.jpg,0.0,0.0,214.0,320.0,4
008.Rhinoceros_Auklet/Rhinoceros_Auklet_0037_797499.jpg,0.0,0.0,500.0,405.0,7
011.Rusty_Blackbird/Rusty_Blackbird_0082_6906.jpg,57.0,0.0,500.0,334.0,10
006.Least_Auklet/Least_Auklet_0050_1924.jpg,0.0,56.0,388.0,472.0,5
012.Yellow_headed_Blackbird/Yellow_Headed_Blackbird_0089_8326.jpg,0.0,1.0,500.0,482.0,11
012.Yellow_headed_Blackbird/Yellow_Headed_Blackbird_0085_8363.jpg,39.0,8.0,443.0,332.0,11
019.Gray_Catbird/Gray_Catbird_0045_20950.jpg,0.0,0.0,500.0,375.0,18
003.Sooty_Albatross/Sooty_Albatross_0021_796339.jpg,0.0,0.0,300.0,284.0,2
005.Crested_Auklet/Crested_Auklet_0003_794962.jpg,0.0,0.0,375.0,375.0,4
012.Yellow_headed_Blackbird/Yellow_Headed_Blackbird_0026_8545.jpg,78.0,75.0,384.0,381.0,11
020.Yellow_breasted_Chat/Yellow_Breasted_Chat_0013_22008.jpg,73.0,14.0,500.0,400.0,19
003.Sooty_Albatross/Sooty_Albatross_0042_1210.jpg,0.0,0.0,265.0,274.0,2
002.Laysan_Albatross/Laysan_Albatross_0098_621.jpg,0.0,0.0,473.0,375.0,1
005.Crested_Auklet/Crested_Auklet_0033_794964.jpg,1.0,0.0,500.0,333.0,4
016.Painted_Bunting/Painted_Bunting_0050_16670.jpg,0.0,28.0,333.0,444.0,15
019.Gray_Catbird/Gray_Catbird_0032_21551.jpg,0.0,0.0,500.0,375.0,18
019.Gray_Catbird/Gray_Catbird_0094_21303.jpg,4.0,0.0,482.0,333.0,18
012.Yellow_headed_Blackbird/Yellow_Headed_Blackbird_0070_8583.jpg,14.0,26.0,390.0,325.0,11
013.Bobolink/Bobolink_0112_11073.jpg,0.0,0.0,500.0,333.0,12
001.Black_footed_Albatross/Black_Footed_Albatross_0042_796071.jpg,59.0,0.0,500.0,356.0,0
001.Black_footed_Albatross/Black_Footed_Albatross_0046_18.jpg,0.0,0.0,474.0,335.0,0
004.Groove_billed_Ani/Groove_Billed_Ani_0101_1700.jpg,0.0,0.0,357.0,500.0,3
001.Black_footed_Albatross/Black_Footed_Albatross_0069_796139.jpg,0.0,0.0,200.0,200.0,0
009.Brewer_Blackbird/Brewer_Blackbird_0030_2268.jpg,0.0,0.0,500.0,448.0,8
011.Rusty_Blackbird/Rusty_Blackbird_0105_6937.jpg,17.0,57.0,403.0,443.0,10
007.Parakeet_Auklet/Parakeet_Auklet_0035_795934.jpg,0.0,23.0,350.0,407.0,6
003.Sooty_Albatross/Sooty_Albatross_0002_796395.jpg,0.0,0.0,500.0,309.0,2
018.Spotted_Catbird/Spotted_Catbird_0010_19436.jpg,50.0,74.0,446.0,375.0,17
004.Groove_billed_Ani/Groove_Billed_Ani_0087_1765.jpg,22.0,0.0,410.0,375.0,3
003.Sooty_Albatross/Sooty_Albatross_0072_796371.jpg,0.0,0.0,500.0,333.0,2
019.Gray_Catbird/Gray_Catbird_0050_20763.jpg,68.0,27.0,470.0,402.0,18
019.Gray_Catbird/Gray_Catbird_0111_19550.jpg,83.0,13.0,461.0,333.0,18
002.Laysan_Albatross/Laysan_Albatross_0047_619.jpg,0.0,0.0,500.0,478.0,1
011.Rusty_Blackbird/Rusty_Blackbird_0005_6771.jpg,0.0,0.0,500.0,333.0,10
002.Laysan_Albatross/Laysan_Albatross_0035_876.jpg,0.0,0.0,500.0,347.0,1
013.Bobolink/Bobolink_0101_9811.jpg,0.0,0.0,440.0,368.0,12
013.Bobolink/Bobolink_0039_9779.jpg,18.0,48.0,401.0,488.0,12
016.Painted_Bunting/Painted_Bunting_0084_16531.jpg,0.0,0.0,500.0,411.0,15
016.Painted_Bunting/Painted_Bunting_0069_16462.jpg,69.0,26.0,451.0,304.0,15
001.Black_footed_Albatross/Black_Footed_Albatross_0005_796090.jpg,0.0,0.0,500.0,335.0,0
001.Black_footed_Albatross/Black_Footed_Albatross_0023_796059.jpg,0.0,0.0,350.0,350.0,0
014.Indigo_Bunting/Indigo_Bunting_0036_13716.jpg,29.0,75.0,379.0,425.0,13
007.Parakeet_Auklet/Parakeet_Auklet_0019_795987.jpg,0.0,0.0,229.0,284.0,6
003.Sooty_Albatross/Sooty_Albatross_0058_796360.jpg,0.0,0.0,409.0,450.0,2
016.Painted_Bunting/Painted_Bunting_0046_16535.jpg,0.0,0.0,330.0,327.0,15
014.Indigo_Bunting/Indigo_Bunting_0078_11852.jpg,15.0,54.0,393.0,432.0,13
005.Crested_Auklet/Crested_Auklet_0048_1791.jpg,45.0,37.0,315.0,307.0,4
009.Brewer_Blackbird/Brewer_Blackbird_0102_2620.jpg,111.0,45.0,500.0,386.0,8
014.Indigo_Bunting/Indigo_Bunting_0006_14317.jpg,0.0,0.0,500.0,500.0,13
019.Gray_Catbird/Gray_Catbird_0113_21270.jpg,19.0,0.0,451.0,333.0,18
011.Rusty_Blackbird/Rusty_Blackbird_0091_6695.jpg,0.0,0.0,500.0,305.0,10
013.Bobolink/Bobolink_0035_11117.jpg,0.0,39.0,347.0,417.0,12
004.Groove_billed_Ani/Groove_Billed_Ani_0074_1730.jpg,0.0,0.0,472.0,374.0,3
013.Bobolink/Bobolink_0128_9947.jpg,54.0,0.0,500.0,304.0,12
018.Spotted_Catbird/Spotted_Catbird_0005_19411.jpg,0.0,0.0,500.0,337.0,17
017.Cardinal/Cardinal_0089_18005.jpg,0.0,0.0,460.0,353.0,16
011.Rusty_Blackbird/Rusty_Blackbird_0081_6967.jpg,54.0,0.0,500.0,350.0,10
006.Least_Auklet/Least_Auklet_0007_795123.jpg,0.0,0.0,200.0,262.0,5
020.Yellow_breasted_Chat/Yellow_Breasted_Chat_0044_22106.jpg,1.0,45.0,285.0,329.0,19
018.Spotted_Catbird/Spotted_Catbird_0047_19400.jpg,0.0,0.0,499.0,333.0,17
014.Indigo_Bunting/Indigo_Bunting_0040_11805.jpg,0.0,0.0,500.0,333.0,13
019.Gray_Catbird/Gray_Catbird_0060_20656.jpg,0.0,0.0,402.0,360.0,18
020.Yellow_breasted_Chat/Yellow_Breasted_Chat_0052_21866.jpg,29.0,0.0,375.0,339.0,19
003.Sooty_Albatross/Sooty_Albatross_0069_796358.jpg,61.0,40.0,445.0,345.0,2
005.Crested_Auklet/Crested_Auklet_0068_785253.jpg,141.0,69.0,477.0,334.0,4
009.Brewer_Blackbird/Brewer_Blackbird_0016_2225.jpg,43.0,1.0,391.0,334.0,8
015.Lazuli_Bunting/Lazuli_Bunting_0059_14749.jpg,0.0,18.0,403.0,359.0,14
003.Sooty_Albatross/Sooty_Albatross_0030_1122.jpg,0.0,0.0,500.0,333.0,2
020.Yellow_breasted_Chat/Yellow_Breasted_Chat_0017_21719.jpg,0.0,0.0,500.0,324.0,19
001.Black_footed_Albatross/Black_Footed_Albatross_0041_796108.jpg,138.0,56.0,500.0,432.0,0
017.Cardinal/Cardinal_0062_17334.jpg,0.0,0.0,500.0,375.0,16
008.Rhinoceros_Auklet/Rhinoceros_Auklet_0003_797535.jpg,17.0,0.0,400.0,253.0,7
014.Indigo_Bunting/Indigo_Bunting_0001_12469.jpg,0.0,0.0,481.0,333.0,13
011.Rusty_Blackbird/Rusty_Blackbird_0031_6699.jpg,0.0,0.0,500.0,423.0,10
017.Cardinal/Cardinal_0007_18537.jpg,0.0,0.0,464.0,375.0,16
011.Rusty_Blackbird/Rusty_Blackbird_0060_6756.jpg,0.0,0.0,399.0,330.0,10
018.Spotted_Catbird/Spotted_Catbird_0042_19430.jpg,39.0,22.0,339.0,322.0,17
004.Groove_billed_Ani/Groove_Billed_Ani_0012_1784.jpg,14.0,23.0,466.0,378.0,3
004.Groove_billed_Ani/Groove_Billed_Ani_0009_1522.jpg,0.0,0.0,500.0,477.0,3
017.Cardinal/Cardinal_0054_19334.jpg,0.0,0.0,435.0,500.0,16
020.Yellow_breasted_Chat/Yellow_Breasted_Chat_0109_21796.jpg,45.0,0.0,381.0,332.0,19
015.Lazuli_Bunting/Lazuli_Bunting_0020_14837.jpg,15.0,0.0,500.0,313.0,14
009.Brewer_Blackbird/Brewer_Blackbird_0032_2214.jpg,0.0,0.0,500.0,332.0,8
006.Least_Auklet/Least_Auklet_0029_795122.jpg,55.0,27.0,295.0,267.0,5
003.Sooty_Albatross/Sooty_Albatross_0020_796359.jpg,0.0,0.0,450.0,352.0,2
012.Yellow_headed_Blackbird/Yellow_Headed_Blackbird_0079_8535.jpg,4.0,59.0,412.0,500.0,11
008.Rhinoceros_Auklet/Rhinoceros_Auklet_0045_797536.jpg,0.0,0.0,341.0,336.0,7
008.Rhinoceros_Auklet/Rhinoceros_Auklet_0048_2162.jpg,42.0,5.0,446.0,375.0,7
012.Yellow_headed_Blackbird/Yellow_Headed_Blackbird_0073_8442.jpg,0.0,0.0,500.0,375.0,11
018.Spotted_Catbird/Spotted_Catbird_0002_796827.jpg,0.0,0.0,152.0,238.0,17
015.Lazuli_Bunting/Lazuli_Bunting_0008_15195.jpg,19.0,40.0,355.0,376.0,14
005.Crested_Auklet/Crested_Auklet_0044_1825.jpg,52.0,53.0,430.0,375.0,4
018.Spotted_Catbird/Spotted_Catbird_0040_796820.jpg,0.0,0.0,333.0,500.0,17
010.Red_winged_Blackbird/Red_Winged_Blackbird_0052_5575.jpg,17.0,5.0,457.0,400.0,9
009.Brewer_Blackbird/Brewer_Blackbird_0054_2631.jpg,13.0,0.0,447.0,424.0,8
002.Laysan_Albatross/Laysan_Albatross_0003_1033.jpg,0.0,0.0,500.0,375.0,1
013.Bobolink/Bobolink_0048_9988.jpg,0.0,14.0,376.0,500.0,12
010.Red_winged_Blackbird/Red_Winged_Blackbird_0055_4345.jpg,69.0,0.0,500.0,333.0,9
018.Spotted_Catbird/Spotted_Catbird_0001_796797.jpg,0.0,0.0,246.0,314.0,17
002.Laysan_Albatross/Laysan_Albatross_0088_883.jpg,0.0,0.0,500.0,334.0,1
003.Sooty_Albatross/Sooty_Albatross_0043_1076.jpg,0.0,3.0,375.0,477.0,2
004.Groove_billed_Ani/Groove_Billed_Ani_0031_1588.jpg,108.0,41.0,456.0,334.0,3
010.Red_winged_Blackbird/Red_Winged_Blackbird_0099_3985.jpg,0.0,3.0,446.0,500.0,9
017.Cardinal/Cardinal_0019_17368.jpg,32.0,0.0,500.0,333.0,16
009.Brewer_Blackbird/Brewer_Blackbird_0014_2679.jpg,0.0,0.0,459.0,500.0,8
013.Bobolink/Bobolink_0076_11093.jpg,0.0,0.0,355.0,343.0,12
007.Parakeet_Auklet/Parakeet_Auklet_0072_795929.jpg,24.0,64.0,335.0,500.0,6
006.Least_Auklet/Least_Auklet_0041_795107.jpg,0.0,0.0,227.0,350.0,5
004.Groove_billed_Ani/Groove_Billed_Ani_0033_1494.jpg,0.0,0.0,480.0,375.0,3
010.Red_winged_Blackbird/Red_Winged_Blackbird_0001_3695.jpg,95.0,84.0,413.0,398.0,9
007.Parakeet_Auklet/Parakeet_Auklet_0059_795973.jpg,17.0,0.0,303.0,257.0,6
017.Cardinal/Cardinal_0095_18108.jpg,0.0,0.0,382.0,500.0,16
008.Rhinoceros_Auklet/Rhinoceros_Auklet_0044_797502.jpg,6.0,0.0,247.0,149.0,7
018.Spotted_Catbird/Spotted_Catbird_0029_796825.jpg,0.0,0.0,255.0,263.0,17
010.Red_winged_Blackbird/Red_Winged_Blackbird_0032_4004.jpg,0.0,8.0,356.0,452.0,9
006.Least_Auklet/Least_Auklet_0015_795065.jpg,42.0,51.0,350.0,359.0,5
008.Rhinoceros_Auklet/Rhinoceros_Auklet_0035_2166.jpg,75.0,0.0,500.0,333.0,7
004.Groove_billed_Ani/Groove_Billed_Ani_0018_1613.jpg,0.0,0.0,500.0,332.0,3
014.Indigo_Bunting/Indigo_Bunting_0075_12835.jpg,0.0,38.0,293.0,348.0,13
008.Rhinoceros_Auklet/Rhinoceros_Auklet_0023_797501.jpg,85.0,43.0,349.0,307.0,7
009.Brewer_Blackbird/Brewer_Blackbird_0112_2340.jpg,0.0,0.0,500.0,398.0,8
007.Parakeet_Auklet/Parakeet_Auklet_0062_795958.jpg,0.0,42.0,349.0,432.0,6
006.Least_Auklet/Least_Auklet_0005_795119.jpg,0.0,51.0,243.0,305.0,5
019.Gray_Catbird/Gray_Catbird_0100_20674.jpg,0.0,0.0,500.0,400.0,18
009.Brewer_Blackbird/Brewer_Blackbird_0026_2625.jpg,0.0,0.0,467.0,298.0,8
012.Yellow_headed_Blackbird/Yellow_Headed_Blackbird_0009_8248.jpg,12.0,0.0,416.0,333.0,11
009.Brewer_Blackbird/Brewer_Blackbird_0004_2345.jpg,0.0,0.0,492.0,497.0,8
018.Spotted_Catbird/Spotted_Catbird_0015_796808.jpg,0.0,0.0,446.0,407.0,17
019.Gray_Catbird/Gray_Catbird_0102_20644.jpg,92.0,42.0,390.0,340.0,18
014.Indigo_Bunting/Indigo_Bunting_0056_12637.jpg,0.0,0.0,500.0,333.0,13
009.Brewer_Blackbird/Brewer_Blackbird_0035_2611.jpg,0.0,0.0,500.0,311.0,8
016.Painted_Bunting/Painted_Bunting_0044_16557.jpg,21.0,0.0,500.0,333.0,15
016.Painted_Bunting/Painted_Bunting_0081_15230.jpg,0.0,0.0,500.0,404.0,15
015.Lazuli_Bunting/Lazuli_Bunting_0004_14887.jpg,47.0,78.0,489.0,500.0,14
003.Sooty_Albatross/Sooty_Albatross_0051_796374.jpg,0.0,0.0,380.0,282.0,2
013.Bobolink/Bobolink_0032_10217.jpg,0.0,0.0,432.0,333.0,12
002.Laysan_Albatross/Laysan_Albatross_0083_756.jpg,73.0,52.0,403.0,333.0,1
004.Groove_billed_Ani/Groove_Billed_Ani_0065_1502.jpg,0.0,0.0,397.0,500.0,3
004.Groove_billed_Ani/Groove_Billed_Ani_0015_1653.jpg,0.0,1.0,326.0,280.0,3
